Value 1,Result
25,5
125,11.18033989
63,7.937253933
43,6.557438524
49,7
358,18.92088793
279,16.70329309
24,4.898979486
86,9.273618495
664,25.76819745
8,2.828427125
42,6.480740698
100,10
9,3
24,4.898979486
37,6.08276253
82,9.055385138
56,7.483314774
4,2
